treatment,replicate,summary_stat
1,1,0.9999997820108085
1,2,0.9999998216741597
1,3,0.9999997802643812
1,4,0.999999774697451
1,5,0.999999777058935
1,6,0.999999793604825
1,7,0.9999997972428809
1,8,0.9999997729084972
1,9,0.9999997515173829
1,10,0.9999997660665819
1,11,0.9999997960111137
1,12,0.9999997910633476
1,13,0.9999997665153152
1,14,0.9999997540889441
1,15,0.9999998202260225
1,16,0.9999997690293488
1,17,0.9999997868932237
1,18,0.9999998053351368
1,19,0.999999769193439
1,20,0.9999997869612095
1,21,0.9999997767677987
1,22,0.9999997744278778
1,23,0.999999782547169
1,24,0.9999997850885045
1,25,0.9999997648039584
1,26,0.9999998065580439
1,27,0.9999997813908804
1,28,0.9999997935935394
1,29,0.9999997657257058
1,30,0.999999792428
1,31,0.9999998023101832
1,32,0.9999997785147754
1,33,0.9999997817159871
1,34,0.9999997647347215
1,35,0.9999997698467573
1,36,0.9999997805664601
1,37,0.9999997724908026
1,38,0.9999997607147744
1,39,0.9999997526993747
1,40,0.9999997848594417
1,41,0.9999997802535158
1,42,0.999999783152952
1,43,0.9999998151359352
1,44,0.999999789256449
1,45,0.9999997815890792
1,46,0.9999997835780096
1,47,0.9999997844119098
1,48,0.9999997598426149
1,49,0.9999997986024903
1,50,0.9999997292546616
2,1,0.9998036727280875
2,2,0.9998203782263221
2,3,0.9998290051016799
2,4,0.9998133308244765
2,5,0.9998078813353604
2,6,0.9998157355905304
2,7,0.999812146481814
2,8,0.9998393140051823
2,9,0.999829871416471
2,10,0.9997977649459898
2,11,0.9998083327701109
2,12,0.9998181903529356
2,13,0.99983385569158
2,14,0.9998338278642048
2,15,0.9998208622646326
2,16,0.999795184543122
2,17,0.9998320757174521
2,18,0.9998053212649741
2,19,0.9998234914000977
2,20,0.9998215381501344
2,21,0.9998197016217938
2,22,0.9998145306989691
2,23,0.9997929696189813
2,24,0.9998086934224829
2,25,0.999801951376892
2,26,0.9997959710538591
2,27,0.9998161087123351
2,28,0.9997846973138663
2,29,0.9997959635861825
2,30,0.9997979955182819
2,31,0.9998196721944882
2,32,0.9998241626332411
2,33,0.9998383643594683
2,34,0.9998206193377985
2,35,0.9998103518572012
2,36,0.9998261156641295
2,37,0.9998335009546435
2,38,0.9998211150913775
2,39,0.9998177925375127
2,40,0.9998252737631259
2,41,0.9998079613030576
2,42,0.9998057108197562
2,43,0.9998164532057178
2,44,0.9998250848454772
2,45,0.9998199374646637
2,46,0.9998295314047102
2,47,0.9998275797664762
2,48,0.9998241491902536
2,49,0.9998190958351487
2,50,0.9998249210836387
3,1,0.9954797796109567
3,2,0.9944602416721771
3,3,0.9960675885604885
3,4,0.9966567582166804
3,5,0.9958867361557108
3,6,0.9959895852205525
3,7,0.9962083945836255
3,8,0.9952840062303164
3,9,0.9962693358914974
3,10,0.9963480799775152
3,11,0.9968819668296383
3,12,0.9946407733061776
3,13,0.9894864613735349
3,14,0.9957793316621802
3,15,0.9961977060687203
3,16,0.9964150108582625
3,17,0.9973178391479267
3,18,0.9962093700975255
3,19,0.9961237965694333
3,20,0.9958416172210912
3,21,0.9864569415049068
3,22,0.9868482868908969
3,23,0.9884759209430423
3,24,0.9938177992589614
3,25,0.9961252736185806
3,26,0.9899295916316798
3,27,0.9951214081133212
3,28,0.9962799401609542
3,29,0.9942981615043064
3,30,0.9965419075274157
3,31,0.9903323332740617
3,32,0.9964918356146216
3,33,0.9961773732563645
3,34,0.9964163517427161
3,35,0.9958848651272281
3,36,0.9967708034988895
3,37,0.9962350302391975
3,38,0.9965694883740845
3,39,0.9956818419829173
3,40,0.996081922243337
3,41,0.9945040055018585
3,42,0.9934210228319887
3,43,0.9970531153366647
3,44,0.9966368723815761
3,45,0.9965904802035518
3,46,0.9957478565535132
3,47,0.9940604851728331
3,48,0.9958118840858199
3,49,0.9957928551979616
3,50,0.9954599599353737
4,1,0.9999992756885744
4,2,0.9999991551340969
4,3,0.9999991000456292
4,4,0.9999991707931936
4,5,0.9999991023327269
4,6,0.999999099399919
4,7,0.9999992054716912
4,8,0.999999072032614
4,9,0.9999991196379368
4,10,0.9999990812846664
4,11,0.9999990796123498
4,12,0.9999991885688457
4,13,0.9999991028422622
4,14,0.9999990606334306
4,15,0.9999991866105573
4,16,0.9999991636332705
4,17,0.9999991987176209
4,18,0.9999990244289232
4,19,0.9999992132751022
4,20,0.9999992205768048
4,21,0.999999135631661
4,22,0.9999992567584576
4,23,0.9999992280466735
4,24,0.9999991652095225
4,25,0.9999991516955182
4,26,0.9999990901233606
4,27,0.9999991904255345
4,28,0.9999992105023662
4,29,0.9999991609643976
4,30,0.99999908425436
4,31,0.9999992235732026
4,32,0.999999205381677
4,33,0.9999991031815871
4,34,0.9999990956223743
4,35,0.9999991605404507
4,36,0.9999991777654739
4,37,0.9999991614362032
4,38,0.9999992633088164
4,39,0.9999990821443384
4,40,0.9999991127382238
4,41,0.9999991172175747
4,42,0.9999992171877473
4,43,0.9999991038388047
4,44,0.9999991093464881
4,45,0.999999130952828
4,46,0.999999153240941
4,47,0.9999992771687083
4,48,0.9999992114513344
4,49,0.9999990022183154
4,50,0.9999991260254413
5,1,0.9999390111574875
5,2,0.9999479552341956
5,3,0.9999481706508013
5,4,0.9999431896076818
5,5,0.9999490679779489
5,6,0.999939131101063
5,7,0.9999475534580241
5,8,0.999942994225728
5,9,0.9999438461176403
5,10,0.9999402376011467
5,11,0.9999394969077344
5,12,0.9999531524129086
5,13,0.9999523370120265
5,14,0.999941736160905
5,15,0.9999513046548177
5,16,0.999947562159601
5,17,0.9999458899180543
5,18,0.9999483632551253
5,19,0.999944348412146
5,20,0.9999464474019845
5,21,0.9999490074530866
5,22,0.9999465569089423
5,23,0.9999416521695984
5,24,0.9999420913815014
5,25,0.9999379726242231
5,26,0.999947625572047
5,27,0.9999418087706725
5,28,0.9999509854811404
5,29,0.9999483892763539
5,30,0.9999479739511131
5,31,0.999943894450847
5,32,0.9999403331266528
5,33,0.9999472808978747
5,34,0.9999492702692706
5,35,0.9999513893485537
5,36,0.9999481119514734
5,37,0.999946866128303
5,38,0.9999407658945062
5,39,0.9999430934324239
5,40,0.9999428105564189
5,41,0.999945164014046
5,42,0.9999500987149369
5,43,0.9999450471894817
5,44,0.9999487603565658
5,45,0.9999459055924114
5,46,0.9999502170765855
5,47,0.9999506984473754
5,48,0.9999434991911517
5,49,0.9999501735599143
5,50,0.9999471686735983
6,1,0.9980084375558306
6,2,0.9976925174700287
6,3,0.9974339455098076
6,4,0.9979336393863967
6,5,0.9983892980158975
6,6,0.9980879955293442
6,7,0.9976456301949974
6,8,0.9968971324073773
6,9,0.9981323820383579
6,10,0.9981806546149653
6,11,0.9977980355297575
6,12,0.9980146069505756
6,13,0.9976502077532955
6,14,0.9977862434589764
6,15,0.9975225366194683
6,16,0.9976856059260695
6,17,0.997975626434056
6,18,0.9983443608514314
6,19,0.9975653245152841
6,20,0.9976220157146364
6,21,0.9982733018123975
6,22,0.9972259732369985
6,23,0.9985395696747132
6,24,0.9979973348313804
6,25,0.9982347616752971
6,26,0.9977855616532251
6,27,0.9982566070192731
6,28,0.9978293023071322
6,29,0.997841931144494
6,30,0.9980893781642823
6,31,0.9982970672861603
6,32,0.9974736429650559
6,33,0.9980827530307083
6,34,0.9982036855675258
6,35,0.9977385311440263
6,36,0.9982203635788411
6,37,0.9969326964015579
6,38,0.9982019693091033
6,39,0.9982979731075795
6,40,0.9978048746444105
6,41,0.9974506528141204
6,42,0.9980060989734993
6,43,0.9979711315804715
6,44,0.9969687336626561
6,45,0.9981363012359997
6,46,0.9980300046914253
6,47,0.9982417759412303
6,48,0.9984113069449629
6,49,0.9975278121215226
6,50,0.9983972631120488
7,1,0.99999948465812
7,2,0.9999994122513222
7,3,0.9999995438362079
7,4,0.9999995247371479
7,5,0.999999532091057
7,6,0.9999994449882239
7,7,0.9999995120617894
7,8,0.9999994409171105
7,9,0.9999995778961667
7,10,0.9999995503886645
7,11,0.9999994248999498
7,12,0.9999994938478091
7,13,0.99999950883338
7,14,0.9999995724978015
7,15,0.9999994485166982
7,16,0.999999365745128
7,17,0.9999995205785552
7,18,0.9999994744586759
7,19,0.9999995440533864
7,20,0.9999995080766363
7,21,0.9999995117384308
7,22,0.9999994396573831
7,23,0.9999994116847272
7,24,0.9999994719387394
7,25,0.9999995159395639
7,26,0.999999508289083
7,27,0.9999995610049904
7,28,0.9999994827206341
7,29,0.9999995211988196
7,30,0.9999993950361937
7,31,0.9999995055691695
7,32,0.9999995301779534
7,33,0.9999994137850555
7,34,0.9999994607480901
7,35,0.9999994607819359
7,36,0.9999994714349523
7,37,0.9999995392887019
7,38,0.9999994705462179
7,39,0.9999994795269626
7,40,0.9999995458241258
7,41,0.999999489721984
7,42,0.9999994652265445
7,43,0.9999995385148959
7,44,0.9999994935425277
7,45,0.9999995413380728
7,46,0.9999994707933466
7,47,0.9999994109796417
7,48,0.9999995283531186
7,49,0.9999994549901743
7,50,0.9999995204037552
8,1,NaN
8,2,NaN
8,3,NaN
8,4,NaN
8,5,NaN
8,6,NaN
8,7,NaN
8,8,NaN
8,9,NaN
8,10,NaN
8,11,NaN
8,12,NaN
8,13,NaN
8,14,NaN
8,15,NaN
8,16,NaN
8,17,NaN
8,18,NaN
8,19,NaN
8,20,NaN
8,21,NaN
8,22,NaN
8,23,NaN
8,24,NaN
8,25,NaN
8,26,NaN
8,27,NaN
8,28,NaN
8,29,NaN
8,30,NaN
8,31,NaN
8,32,NaN
8,33,NaN
8,34,NaN
8,35,NaN
8,36,NaN
8,37,NaN
8,38,NaN
8,39,NaN
8,40,NaN
8,41,NaN
8,42,NaN
8,43,NaN
8,44,NaN
8,45,NaN
8,46,NaN
8,47,NaN
8,48,NaN
8,49,NaN
8,50,NaN
9,1,NaN
9,2,NaN
9,3,NaN
9,4,NaN
9,5,NaN
9,6,NaN
9,7,NaN
9,8,NaN
9,9,NaN
9,10,NaN
9,11,NaN
9,12,NaN
9,13,NaN
9,14,NaN
9,15,NaN
9,16,NaN
9,17,NaN
9,18,NaN
9,19,NaN
9,20,NaN
9,21,NaN
9,22,NaN
9,23,NaN
9,24,NaN
9,25,NaN
9,26,NaN
9,27,NaN
9,28,NaN
9,29,NaN
9,30,NaN
9,31,NaN
9,32,NaN
9,33,NaN
9,34,NaN
9,35,NaN
9,36,NaN
9,37,NaN
9,38,NaN
9,39,NaN
9,40,NaN
9,41,NaN
9,42,NaN
9,43,NaN
9,44,NaN
9,45,NaN
9,46,NaN
9,47,NaN
9,48,NaN
9,49,NaN
9,50,NaN
10,1,0.9999995784588941
10,2,0.999999595210903
10,3,0.9999996591629428
10,4,0.9999996127347617
10,5,0.9999995975568745
10,6,0.9999996300651274
10,7,0.9999995798396975
10,8,0.9999996707985712
10,9,0.999999623673884
10,10,0.9999996294554951
10,11,0.999999610506993
10,12,0.9999996215563367
10,13,0.9999995977662611
10,14,0.9999996544036815
10,15,0.9999996019487855
10,16,0.9999996119699138
10,17,0.9999996327754244
10,18,0.999999606645271
10,19,0.9999996563296359
10,20,0.9999996294766818
10,21,0.999999600073064
10,22,0.9999996343629967
10,23,0.9999995539786494
10,24,0.9999996201230757
10,25,0.9999995489182556
10,26,0.9999995470016952
10,27,0.9999995964888764
10,28,0.9999996095409719
10,29,0.9999995818748557
10,30,0.999999588051026
10,31,0.9999996682151764
10,32,0.9999996402031913
10,33,0.999999616412938
10,34,0.9999996415932726
10,35,0.9999996009019713
10,36,0.9999996296207
10,37,0.9999996294210359
10,38,0.9999995895233909
10,39,0.9999995941282045
10,40,0.9999996185845174
10,41,0.999999625562418
10,42,0.9999996248046942
10,43,0.9999995593826209
10,44,0.9999996482680943
10,45,0.9999996389922411
10,46,0.9999996118598762
10,47,0.9999995977353319
10,48,0.9999996180450876
10,49,0.9999995845843832
10,50,0.9999995751816048
11,1,0.9996932486284509
11,2,0.9996288189897043
11,3,0.9996597449587913
11,4,0.9997038391913149
11,5,0.9996481072707383
11,6,0.9996912156685409
11,7,0.9996675879964404
11,8,0.9997015873253126
11,9,0.9996273056710678
11,10,0.9997156606875723
11,11,0.9996740810936463
11,12,0.9996595194787999
11,13,0.999721275928771
11,14,0.9997025611564847
11,15,0.99968927393742
11,16,0.9997602053367803
11,17,0.9996084163221194
11,18,0.9996479238446501
11,19,0.9996974845343672
11,20,0.999684716005311
11,21,0.9996903681454476
11,22,0.9997099850565151
11,23,0.9996871287294016
11,24,0.9996712120996436
11,25,0.9996454944238576
11,26,0.9995839164189972
11,27,0.999689807636231
11,28,0.9997088332350559
11,29,0.9996952493387614
11,30,0.9996794891288956
11,31,0.9996420687841246
11,32,0.9997018918617135
11,33,0.9997213584041321
11,34,0.9996719660291304
11,35,0.9996786865473397
11,36,0.9997146102657849
11,37,0.9996489903967269
11,38,0.9997046573495236
11,39,0.9996613300735231
11,40,0.9997039391785943
11,41,0.999601204027412
11,42,0.9997045810745643
11,43,0.9996527259041574
11,44,0.9996994913310006
11,45,0.9996552632111514
11,46,0.9997059197808906
11,47,0.9997014702527838
11,48,0.9997061455819843
11,49,0.9997000001343449
11,50,0.999681950211685
12,1,0.9993985374561366
12,2,0.9995455152513727
12,3,0.9994482052705573
12,4,0.9995274484754667
12,5,0.9994109601891482
12,6,0.9993637351277921
12,7,0.9994443397153969
12,8,0.9994185885662856
12,9,0.9994528108694848
12,10,0.9995549685491769
12,11,0.9995762164000869
12,12,0.9994680080027676
12,13,0.9994976961969856
12,14,0.9995049016153318
12,15,0.9994540974185981
12,16,0.999415047558957
12,17,0.999514047529013
12,18,0.9994724430166397
12,19,0.9995157968386605
12,20,0.999401454109582
12,21,0.9994051306334314
12,22,0.9994944804548304
12,23,0.9994868353723674
12,24,0.9994276527133352
12,25,0.9994589665021781
12,26,0.9994845019876573
12,27,0.9995520024319972
12,28,0.9994627183041835
12,29,0.9994140655950667
12,30,0.9994449400746247
12,31,0.9994434021612357
12,32,0.9993305855177762
12,33,0.9994135737335212
12,34,0.9993516643599086
12,35,0.9995484464925217
12,36,0.9993927282007001
12,37,0.9993638823807989
12,38,0.9994776113429523
12,39,0.9994552425293218
12,40,0.9993089522494432
12,41,0.9994937795328616
12,42,0.9993582234442777
12,43,0.9994219910982752
12,44,0.999429821836791
12,45,0.9995534052341469
12,46,0.9994963233424861
12,47,0.9995023638189583
12,48,0.9994664461996443
12,49,0.999290421057288
12,50,0.9992571199288004
13,1,0.9999999667335859
13,2,0.999999960436041
13,3,0.9999999640249155
13,4,0.9999999564501026
13,5,0.9999999607757171
13,6,0.9999999603726202
13,7,0.9999999558989205
13,8,0.9999999622893788
13,9,0.9999999589968686
13,10,0.9999999535822273
13,11,0.9999999589283818
13,12,0.9999999552966092
13,13,0.9999999583821034
13,14,0.9999999567613617
13,15,0.9999999599748786
13,16,0.9999999591079268
13,17,0.9999999587694776
13,18,0.999999964601598
13,19,0.999999962285334
13,20,0.9999999582871237
13,21,0.9999999605516388
13,22,0.9999999602794911
13,23,0.9999999579455263
13,24,0.9999999621680974
13,25,0.9999999569430381
13,26,0.9999999589348741
13,27,0.999999961984776
13,28,0.9999999555222032
13,29,0.9999999582584577
13,30,0.9999999483341866
13,31,0.999999967403844
13,32,0.9999999493954999
13,33,0.9999999653052905
13,34,0.9999999563629752
13,35,0.9999999593464304
13,36,0.9999999566349953
13,37,0.9999999587471113
13,38,0.9999999634876853
13,39,0.999999957631253
13,40,0.9999999568402527
13,41,0.9999999592497498
13,42,0.9999999659985314
13,43,0.9999999664219985
13,44,0.9999999604903007
13,45,0.9999999635300325
13,46,0.9999999613833537
13,47,0.9999999574893861
13,48,0.9999999545557464
13,49,0.9999999637856334
13,50,0.9999999555894602
14,1,0.9989357578159456
14,2,0.9990255137425746
14,3,0.9992025824741122
14,4,0.9990233551595092
14,5,0.9991464027696
14,6,0.9989543096732156
14,7,0.9991252189480421
14,8,0.9990469324763683
14,9,0.9987570389582755
14,10,0.9991816682897565
14,11,0.9990526879916775
14,12,0.9989232873309741
14,13,0.999000532261234
14,14,0.9990821643733877
14,15,0.9990962206292027
14,16,0.9990500768587187
14,17,0.99923110071482
14,18,0.9989917372809247
14,19,0.9990747188583042
14,20,0.9990690577251999
14,21,0.9991670623151176
14,22,0.9990832641813345
14,23,0.9990532176666536
14,24,0.9989939675682707
14,25,0.9991423694475062
14,26,0.9991691996295141
14,27,0.9990491705991444
14,28,0.9990295745811784
14,29,0.9991369406875606
14,30,0.9990177815452256
14,31,0.9990879720535938
14,32,0.9988546616799354
14,33,0.9988284355113757
14,34,0.9991013654952333
14,35,0.999193831908482
14,36,0.9990633203059136
14,37,0.9991956972114805
14,38,0.9989572288102875
14,39,0.9990487557130319
14,40,0.9990490951537058
14,41,0.9989006030561416
14,42,0.9991562305048698
14,43,0.9990616644618726
14,44,0.999040461937112
14,45,0.9989168625429617
14,46,0.9990761270452049
14,47,0.9991175799215924
14,48,0.9990725727468281
14,49,0.9990503522723877
14,50,0.9991451467428807
15,1,0.998235023370913
15,2,0.9982628769506465
15,3,0.9981926845428781
15,4,0.9979839312888371
15,5,0.9982949770281788
15,6,0.998391958180905
15,7,0.9982269524764256
15,8,0.9983840702833592
15,9,0.9982072746640854
15,10,0.9981809610492747
15,11,0.9978621633655982
15,12,0.9981469288631363
15,13,0.997852506188999
15,14,0.9979642734509513
15,15,0.9981623711684597
15,16,0.9983452027295001
15,17,0.9983187919769279
15,18,0.9977438803179717
15,19,0.9981890536633904
15,20,0.9977785273297364
15,21,0.9984348065182466
15,22,0.9981443102314503
15,23,0.9984178657949615
15,24,0.9982799866422566
15,25,0.9982854392747309
15,26,0.9979179053756161
15,27,0.9981251146805811
15,28,0.9980928438001162
15,29,0.9983243403486174
15,30,0.9981544418553092
15,31,0.9982142641471224
15,32,0.9981741606108159
15,33,0.9982349391819515
15,34,0.9982544015301988
15,35,0.9981537976603744
15,36,0.9979997980983344
15,37,0.9980802615941229
15,38,0.9983380480748264
15,39,0.9981349620482993
15,40,0.9981861606418305
15,41,0.9983338511621936
15,42,0.9980930532089097
15,43,0.9982259908774703
15,44,0.9980954511298966
15,45,0.998113563157967
15,46,0.9979847799746595
15,47,0.9982919093067543
15,48,0.9981446162169715
15,49,0.9981816963590482
15,50,0.9980136696177382
16,1,0.9999880315874173
16,2,0.9999883311050598
16,3,0.9999895040370341
16,4,0.9999923304697265
16,5,0.9999889578987594
16,6,0.9999890626817997
16,7,0.9999884901592071
16,8,0.9999919268686762
16,9,0.9999907693543001
16,10,0.9999893476554947
16,11,0.9999934267531491
16,12,0.9999906845369084
16,13,0.9999883565000776
16,14,0.9999893676371008
16,15,0.9999871067662522
16,16,0.9999910775576295
16,17,0.9999873683663812
16,18,0.9999915637037361
16,19,0.9999910399430366
16,20,0.9999894617935757
16,21,0.9999886680788164
16,22,0.9999904388145042
16,23,0.9999894880463428
16,24,0.9999890057812691
16,25,0.9999880695343143
16,26,0.9999915414851935
16,27,0.9999917465132601
16,28,0.9999887617601767
16,29,0.9999891886705581
16,30,0.9999929707693429
16,31,0.9999887550504858
16,32,0.9999920383398965
16,33,0.999991999243338
16,34,0.9999898291341878
16,35,0.9999891139740801
16,36,0.9999890774390534
16,37,0.9999907463845801
16,38,0.9999898798725414
16,39,0.9999878151810504
16,40,0.9999873528232476
16,41,0.9999912761805263
16,42,0.9999925607552979
16,43,0.9999895186243194
16,44,0.9999913754954984
16,45,0.9999828728414437
16,46,0.9999896363617262
16,47,0.99998844606944
16,48,0.9999897936226888
16,49,0.9999871647665705
16,50,0.9999922815549425
17,1,0.9999342744535087
17,2,0.9999293364530687
17,3,0.9999355570944921
17,4,0.999924840637404
17,5,0.999921273104357
17,6,0.9999261796657604
17,7,0.9999223549463796
17,8,0.9999349364327896
17,9,0.9999315253823393
17,10,0.9999337255698318
17,11,0.9999318256284068
17,12,0.9999295829387054
17,13,0.9999369826076334
17,14,0.9999338989330231
17,15,0.9999366896224309
17,16,0.9999346838527462
17,17,0.9999269187090098
17,18,0.9999353480959053
17,19,0.9999326831666157
17,20,0.9999231925728874
17,21,0.9999321862217047
17,22,0.9999380848402353
17,23,0.9999352345563007
17,24,0.9999202273222834
17,25,0.9999299602985161
17,26,0.9999353318280875
17,27,0.9999330301560554
17,28,0.9999297292934255
17,29,0.9999338997919139
17,30,0.9999251382569515
17,31,0.9999272966372328
17,32,0.99993189931986
17,33,0.9999297841401326
17,34,0.9999259485975072
17,35,0.9999380944830973
17,36,0.9999287688527496
17,37,0.9999263649665041
17,38,0.9999286941951921
17,39,0.9999391114591589
17,40,0.9999309352147633
17,41,0.9999352491718091
17,42,0.9999307004260111
17,43,0.9999268969940089
17,44,0.9999386792405361
17,45,0.9999308813077762
17,46,0.9999298651869358
17,47,0.9999307807913217
17,48,0.9999372247473884
17,49,0.9999296739835817
17,50,0.9999279006925066
18,1,0.9928572295562832
18,2,0.9929148984066294
18,3,0.9931458007206883
18,4,0.9914376542827964
18,5,0.9927921502661218
18,6,0.9935272401594439
18,7,0.992343616511563
18,8,0.991743021722734
18,9,0.9926038064261778
18,10,0.9916845127532932
18,11,0.9926945355755447
18,12,0.9920523494871181
18,13,0.9933031409693531
18,14,0.9924903714128158
18,15,0.9934125499271319
18,16,0.993254043887578
18,17,0.9928671281970887
18,18,0.9928880647409181
18,19,0.9915927961619145
18,20,0.9921009197756044
18,21,0.9929352590848579
18,22,0.9931887170127984
18,23,0.9924279799006478
18,24,0.9919964273244705
18,25,0.9914195387081197
18,26,0.9922000399004643
18,27,0.9923641955714041
18,28,0.9915684567101525
18,29,0.9928275512488353
18,30,0.99363382740036
18,31,0.9919134044780576
18,32,0.9935335280354459
18,33,0.9931717901285398
18,34,0.992523815668229
18,35,0.9904215502486778
18,36,0.9923020606439559
18,37,0.9918968377008548
18,38,0.992079426974958
18,39,0.9915698153756777
18,40,0.9926751088559949
18,41,0.9903136295762929
18,42,0.9930209411299431
18,43,0.9905729278731998
18,44,0.9913153199818677
18,45,0.9925084748097966
18,46,0.993659254159999
18,47,0.9931264978787143
18,48,0.9936957169387141
18,49,0.9942194239473416
18,50,0.9908785160940403
19,1,0.9999998261413542
19,2,0.9999998252922639
19,3,0.9999997949192906
19,4,0.9999998069828735
19,5,0.9999997986014495
19,6,0.9999998263288362
19,7,0.9999997862513368
19,8,0.9999998021058607
19,9,0.999999836172824
19,10,0.9999998071461887
19,11,0.9999998008561651
19,12,0.9999998223175116
19,13,0.9999998037323582
19,14,0.9999998047845543
19,15,0.9999997889911407
19,16,0.9999998078149172
19,17,0.9999998221541316
19,18,0.9999998214181715
19,19,0.9999997793583569
19,20,0.9999998023459178
19,21,0.9999997995187642
19,22,0.9999998067827931
19,23,0.9999998018705168
19,24,0.9999998218955818
19,25,0.9999998169251896
19,26,0.9999997984991549
19,27,0.9999997958329748
19,28,0.9999998411594045
19,29,0.9999998115210355
19,30,0.9999998219404166
19,31,0.9999997899358832
19,32,0.9999998174411509
19,33,0.9999997955897798
19,34,0.9999998099794322
19,35,0.9999998024669093
19,36,0.9999998052312223
19,37,0.9999998275582967
19,38,0.9999998264720469
19,39,0.9999997973505591
19,40,0.9999998234824878
19,41,0.9999998161841379
19,42,0.9999998023053279
19,43,0.9999998458113151
19,44,0.9999998403238813
19,45,0.9999998394299859
19,46,0.9999998183918769
19,47,0.9999998056952983
19,48,0.9999998189248351
19,49,0.9999998125267366
19,50,0.9999997951524335
20,1,0.9999105716655987
20,2,0.9998877560328063
20,3,0.9998986284611987
20,4,0.9999002918563193
20,5,0.9998950731646615
20,6,0.9999091331193505
20,7,0.9998984707041578
20,8,0.999890017241942
20,9,0.9998973706433771
20,10,0.9999074934698541
20,11,0.9998790129664121
20,12,0.9999073961861303
20,13,0.9998945684359373
20,14,0.9999184930722641
20,15,0.9999004352526649
20,16,0.9999025224370491
20,17,0.9998965140159366
20,18,0.9998944666149617
20,19,0.9998913140201302
20,20,0.9998976829037383
20,21,0.9999041753601652
20,22,0.9998964588717155
20,23,0.9999002252214457
20,24,0.9999052583483048
20,25,0.9998981775668887
20,26,0.9998917803283838
20,27,0.9999018816831899
20,28,0.9999079858318871
20,29,0.9999058418708332
20,30,0.9998772896913019
20,31,0.9998874298025983
20,32,0.999902270370434
20,33,0.9999036667727321
20,34,0.9998934470947771
20,35,0.9999069392911157
20,36,0.9998989360625806
20,37,0.9998969035418697
20,38,0.9998999559411044
20,39,0.9998954879395433
20,40,0.999881457816179
20,41,0.9998998597949531
20,42,0.9999033896940609
20,43,0.9998954517499912
20,44,0.9998924797177114
20,45,0.9998956829734715
20,46,0.9998998103780358
20,47,0.9998791125962706
20,48,0.9999033475626653
20,49,0.9999101927867106
20,50,0.9999016034813714
21,1,0.9782638309818228
21,2,0.9798559609319087
21,3,0.9781400736261415
21,4,0.9762573542669805
21,5,0.9792088193644422
21,6,0.9790007731029394
21,7,0.9803377123901673
21,8,0.9798148785550771
21,9,0.9789711822281342
21,10,0.9805361849104574
21,11,0.9798183425849294
21,12,0.9808722195141246
21,13,0.9785649343452857
21,14,0.979052287244117
21,15,0.9794278574100257
21,16,0.9778895859368961
21,17,0.9806027908953755
21,18,0.979996119337716
21,19,0.9800400224001848
21,20,0.9790322628394308
21,21,0.980823916024556
21,22,0.978762094155112
21,23,0.9769731964052689
21,24,0.9773915863728707
21,25,0.9771306134233555
21,26,0.9770683183760888
21,27,0.9753718722062155
21,28,0.9784324894987286
21,29,0.9812882693040236
21,30,0.9805512912284313
21,31,0.9767770250958132
21,32,0.9778502074227406
21,33,0.9800997662075649
21,34,0.9782969128831428
21,35,0.9798647276965132
21,36,0.9770890430912587
21,37,0.980949267101658
21,38,0.9777475142902398
21,39,0.9779671678749889
21,40,0.9796914760008162
21,41,0.9811124677310973
21,42,0.9748695180573591
21,43,0.975500182878899
21,44,0.981421370065012
21,45,0.9758710756590779
21,46,0.9782191494659336
21,47,0.9808724973813268
21,48,0.9766100106005725
21,49,0.9767825553781959
21,50,0.9773019080111855
22,1,0.9999919949581196
22,2,0.9999920472247668
22,3,0.9999903923368462
22,4,0.9999911576915191
22,5,0.9999911193096451
22,6,0.9999906944663945
22,7,0.9999911049463867
22,8,0.9999906512751499
22,9,0.9999908228545276
22,10,0.9999914128242458
22,11,0.9999921315004333
22,12,0.9999917522754229
22,13,0.9999911635813281
22,14,0.9999917381264575
22,15,0.9999921490163676
22,16,0.9999903769042932
22,17,0.9999918977125672
22,18,0.9999916221850422
22,19,0.999991301176395
22,20,0.9999911635024276
22,21,0.9999925019468616
22,22,0.9999909030626981
22,23,0.9999923299361456
22,24,0.9999919158797703
22,25,0.9999911794459893
22,26,0.9999909778906122
22,27,0.9999909704693779
22,28,0.9999913888280617
22,29,0.999991672803778
22,30,0.9999916365006083
22,31,0.9999919469002515
22,32,0.9999924662974432
22,33,0.9999907162346205
22,34,0.9999910573528007
22,35,0.9999915620263146
22,36,0.9999921548622211
22,37,0.999990666579551
22,38,0.9999908018509204
22,39,0.9999920328285692
22,40,0.9999907016646394
22,41,0.9999905367021766
22,42,0.9999911195242175
22,43,0.9999917434756108
22,44,0.9999922082401492
22,45,0.9999915535385394
22,46,0.9999915418620652
22,47,0.9999911419614372
22,48,0.9999907664095524
22,49,0.9999917277073047
22,50,0.9999914455187273
23,1,0.9999479295482723
23,2,0.999948589616265
23,3,0.9999452829304653
23,4,0.9999467460285106
23,5,0.999949389487537
23,6,0.99994903445084
23,7,0.9999432934716843
23,8,0.999944776008129
23,9,0.9999499788376213
23,10,0.9999446394700416
23,11,0.9999489712789175
23,12,0.9999450625290673
23,13,0.9999468417070606
23,14,0.9999468704809304
23,15,0.9999501286006565
23,16,0.9999516403451212
23,17,0.9999592487328256
23,18,0.9999380999759165
23,19,0.999948786327124
23,20,0.9999483297304016
23,21,0.9999473267389426
23,22,0.9999410167911985
23,23,0.9999432091838693
23,24,0.9999506694795539
23,25,0.999943216100898
23,26,0.9999470949015561
23,27,0.9999449081016173
23,28,0.9999489683313038
23,29,0.9999408773728024
23,30,0.999949573469305
23,31,0.9999486534885005
23,32,0.9999451362501679
23,33,0.9999479583632933
23,34,0.9999498581042218
23,35,0.9999493912612174
23,36,0.9999516106328217
23,37,0.9999514539941973
23,38,0.9999462066552997
23,39,0.9999501295120072
23,40,0.9999496925844433
23,41,0.999945791607949
23,42,0.999947560742288
23,43,0.9999479452337315
23,44,0.9999472842225502
23,45,0.9999441609935249
23,46,0.9999389150099793
23,47,0.9999534711183593
23,48,0.9999488856920311
23,49,0.9999397249647939
23,50,0.9999460431685238
24,1,0.9989414965271264
24,2,0.999057197181332
24,3,0.9987370196121954
24,4,0.9987318688502586
24,5,0.9992805397471797
24,6,0.9990824666806359
24,7,0.9988474539474689
24,8,0.9991078263364089
24,9,0.9989015739978201
24,10,0.9992286295552848
24,11,0.9990367692904865
24,12,0.9990403175395716
24,13,0.99905718049062
24,14,0.999058168254419
24,15,0.9991301351520832
24,16,0.9986622819977147
24,17,0.9988472762071116
24,18,0.999127602615163
24,19,0.9986769415683715
24,20,0.998687593919673
24,21,0.9987068693069137
24,22,0.9986844654679242
24,23,0.9991295480579048
24,24,0.9988366195162997
24,25,0.9989149940751669
24,26,0.9989018000040949
24,27,0.9988212920055661
24,28,0.9991792885693673
24,29,0.9991986783213811
24,30,0.9989461804327934
24,31,0.9986647861186118
24,32,0.9988276790206374
24,33,0.9988617492512454
24,34,0.9988895003892939
24,35,0.9989564216905215
24,36,0.9991884794949883
24,37,0.9989354204486632
24,38,0.999143481367679
24,39,0.9992245264829375
24,40,0.9988724533804316
24,41,0.9989345881544852
24,42,0.9989267273396645
24,43,0.9989027309234749
24,44,0.9988880167977507
24,45,0.9989771148009569
24,46,0.9988933312868052
24,47,0.9988745921022473
24,48,0.9990814624155323
24,49,0.9988721039946465
24,50,0.999214793272733
25,1,0.9999999819244964
25,2,0.9999999821543696
25,3,0.9999999787928959
25,4,0.9999999809000165
25,5,0.9999999806952075
25,6,0.9999999807320468
25,7,0.9999999822303977
25,8,0.9999999801960213
25,9,0.9999999793699985
25,10,0.9999999802494728
25,11,0.9999999809698871
25,12,0.9999999778300923
25,13,0.9999999819721939
25,14,0.999999981460171
25,15,0.9999999809716068
25,16,0.9999999793138749
25,17,0.9999999795490406
25,18,0.9999999821001152
25,19,0.9999999809881991
25,20,0.9999999778383626
25,21,0.9999999822907885
25,22,0.9999999794265824
25,23,0.9999999821857318
25,24,0.9999999803602154
25,25,0.9999999815558116
25,26,0.9999999796795978
25,27,0.9999999806152546
25,28,0.9999999794435322
25,29,0.9999999822763777
25,30,0.9999999791967547
25,31,0.9999999829995586
25,32,0.9999999815523809
25,33,0.999999981326117
25,34,0.9999999806544165
25,35,0.999999980210872
25,36,0.9999999811818685
25,37,0.9999999826401869
25,38,0.9999999814258899
25,39,0.9999999791592673
25,40,0.9999999793576546
25,41,0.9999999810506198
25,42,0.9999999813230603
25,43,0.9999999805434006
25,44,0.9999999792451207
25,45,0.999999981145021
25,46,0.9999999797643938
25,47,0.9999999828232362
25,48,0.9999999811216137
25,49,0.9999999777602175
25,50,0.9999999829642882
26,1,0.999759305990547
26,2,0.9997748282926194
26,3,0.9997899935492311
26,4,0.9997767404581495
26,5,0.999763224600266
26,6,0.9997688917403623
26,7,0.9997909295977854
26,8,0.9997911144918085
26,9,0.9998016415632998
26,10,0.9997990320965775
26,11,0.9997985155829688
26,12,0.9997979409417843
26,13,0.999772214740494
26,14,0.9997568558729356
26,15,0.9997703941568687
26,16,0.9997724820930165
26,17,0.999770545807068
26,18,0.9998011502283174
26,19,0.9997871200436828
26,20,0.9997873924486045
26,21,0.9997819528151971
26,22,0.9997837876992804
26,23,0.9998001716812
26,24,0.999786032275281
26,25,0.9997743822456093
26,26,0.9998021507516054
26,27,0.9997835395948004
26,28,0.9997924259103949
26,29,0.9998027157929926
26,30,0.9997800165922247
26,31,0.9998162378416097
26,32,0.99978102392712
26,33,0.9997881565608191
26,34,0.9997534250521914
26,35,0.9997895927728
26,36,0.9998163946747205
26,37,0.9998091736414625
26,38,0.9998025870814874
26,39,0.9997544707826233
26,40,0.9997639165062074
26,41,0.9997646656057387
26,42,0.9998166765922164
26,43,0.9998074795398539
26,44,0.9997879261838452
26,45,0.9998056254716627
26,46,0.9997914462875754
26,47,0.9997751752873224
26,48,0.9997949174951104
26,49,0.9997586158401736
26,50,0.9998075294008465
27,1,0.9933967128456895
27,2,0.9926629019544588
27,3,0.9928492312360582
27,4,0.9920525445761256
27,5,0.992694628779995
27,6,0.992785371333847
27,7,0.9924129974338682
27,8,0.9908874587066345
27,9,0.9914890520362187
27,10,0.9932482474753056
27,11,0.9917015954057862
27,12,0.9925173858819025
27,13,0.9926460629163271
27,14,0.9928701464581952
27,15,0.9918507340328097
27,16,0.9923407818154535
27,17,0.9927013991067667
27,18,0.9920137995592299
27,19,0.992463556310974
27,20,0.9923293675205727
27,21,0.991501454870028
27,22,0.9925333067720232
27,23,0.9936549441943323
27,24,0.9921052969399402
27,25,0.9923546216447008
27,26,0.9920665293962196
27,27,0.991938259250356
27,28,0.992120302090115
27,29,0.9915328940727371
27,30,0.9916812335345807
27,31,0.9914447447451762
27,32,0.9916572234813705
27,33,0.9923310613589654
27,34,0.9933357890541719
27,35,0.9926785007455339
27,36,0.9914531086663579
27,37,0.9931252676926625
27,38,0.9920815932819023
27,39,0.9919977083261634
27,40,0.9915455438177021
27,41,0.9927560499764035
27,42,0.9919686305629669
27,43,0.9930550788238354
27,44,0.9912523483019884
27,45,0.9923323111184846
27,46,0.9912604925515306
27,47,0.9919902084193033
27,48,0.9928924624987898
27,49,0.9921179056049972
27,50,0.9913185361562855
28,1,0.9999982708801317
28,2,0.999998617080778
28,3,0.9999980936744236
28,4,0.9999975955068545
28,5,0.9999985694519551
28,6,0.9999985768210929
28,7,0.9999983826194465
28,8,0.9999985596709635
28,9,0.9999983382062297
28,10,0.9999984140814702
28,11,0.9999980424418613
28,12,0.9999983973745405
28,13,0.9999984428179752
28,14,0.999998235964617
28,15,0.9999982144023997
28,16,0.9999985608479441
28,17,0.9999979687241988
28,18,0.9999984582248007
28,19,0.9999985528426844
28,20,0.999998782647186
28,21,0.9999978781298378
28,22,0.9999985596885645
28,23,0.9999985268160103
28,24,0.9999982484192783
28,25,0.999998354412901
28,26,0.999997693981348
28,27,0.9999984684149678
28,28,0.9999983272121253
28,29,0.999998295925087
28,30,0.999998402417158
28,31,0.9999978945813353
28,32,0.999998105576298
28,33,0.9999987981395604
28,34,0.9999982794431693
28,35,0.9999975110272836
28,36,0.9999983776896421
28,37,0.9999987998851629
28,38,0.9999981210755815
28,39,0.9999980652580872
28,40,0.9999976280503269
28,41,0.9999984165323688
28,42,0.9999983314641266
28,43,0.9999983123880072
28,44,0.9999977173307474
28,45,0.999998486469328
28,46,0.9999982587151014
28,47,0.999998338666356
28,48,0.9999976877663538
28,49,0.9999982750920365
28,50,0.9999982098055699
29,1,NaN
29,2,NaN
29,3,NaN
29,4,NaN
29,5,NaN
29,6,NaN
29,7,NaN
29,8,NaN
29,9,NaN
29,10,NaN
29,11,NaN
29,12,NaN
29,13,NaN
29,14,NaN
29,15,NaN
29,16,NaN
29,17,NaN
29,18,NaN
29,19,NaN
29,20,NaN
29,21,NaN
29,22,NaN
29,23,NaN
29,24,NaN
29,25,NaN
29,26,NaN
29,27,NaN
29,28,NaN
29,29,NaN
29,30,NaN
29,31,NaN
29,32,NaN
29,33,NaN
29,34,NaN
29,35,NaN
29,36,NaN
29,37,NaN
29,38,NaN
29,39,NaN
29,40,NaN
29,41,NaN
29,42,NaN
29,43,NaN
29,44,NaN
29,45,NaN
29,46,NaN
29,47,NaN
29,48,NaN
29,49,NaN
29,50,NaN
30,1,0.9996627705273261
30,2,0.9995505872667344
30,3,0.9997002381655583
30,4,0.9995631172675686
30,5,0.9995954465550039
30,6,0.9995571157103195
30,7,0.9995136675861939
30,8,0.9996358563844131
30,9,0.9996136427520487
30,10,0.9996093107488142
30,11,0.9995289682019556
30,12,0.999606633142881
30,13,0.9995506990734536
30,14,0.9995617946669152
30,15,0.9996018560486392
30,16,0.9996143577010991
30,17,0.9995611918204561
30,18,0.9996513443760845
30,19,0.9995785409844018
30,20,0.999657762727522
30,21,0.9995553053123079
30,22,0.9996465360619036
30,23,0.9996525443752742
30,24,0.9996110922037659
30,25,0.9995959260800046
30,26,0.9995389805636136
30,27,0.9995693940642879
30,28,0.9995597380898555
30,29,0.999602471641288
30,30,0.999442878390867
30,31,0.9995934804486665
30,32,0.9995540137367482
30,33,0.9995545274438179
30,34,0.9995652326689064
30,35,0.9995143106089776
30,36,0.9995942180822914
30,37,0.99949728180419
30,38,0.9996424050931845
30,39,0.9995392358902927
30,40,0.9996053229567441
30,41,0.9995875664950624
30,42,0.9995564646439925
30,43,0.9995524901016175
30,44,0.9996052895674405
30,45,0.9994110103807307
30,46,0.999606057544319
30,47,0.9995998074486697
30,48,0.9996270089980578
30,49,0.9995326484385282
30,50,0.9996157832869641
31,1,0.9999998287492752
31,2,0.9999998468741438
31,3,0.9999998351345943
31,4,0.9999998618402034
31,5,0.99999984998916
31,6,0.9999998401012324
31,7,0.9999998553816206
31,8,0.9999998409124823
31,9,0.9999998244543312
31,10,0.9999998194862662
31,11,0.9999998263163967
31,12,0.9999998431313168
31,13,0.9999998235490514
31,14,0.999999851540361
31,15,0.9999998120818548
31,16,0.999999857398266
31,17,0.9999998457365115
31,18,0.9999998123300253
31,19,0.9999998430475073
31,20,0.9999998364562408
31,21,0.9999998510387013
31,22,0.9999998405827905
31,23,0.9999998169675687
31,24,0.999999803797035
31,25,0.9999998513917124
31,26,0.9999998076222325
31,27,0.9999998486511897
31,28,0.9999998228675118
31,29,0.9999998413915413
31,30,0.9999998380808045
31,31,0.9999998359611381
31,32,0.9999998256580331
31,33,0.9999998282290538
31,34,0.9999998438234998
31,35,0.9999998375970623
31,36,0.9999998346262352
31,37,0.9999998581603177
31,38,0.9999998267240282
31,39,0.9999998471662114
31,40,0.9999998465598887
31,41,0.9999998483240837
31,42,0.9999998394172004
31,43,0.9999998367227235
31,44,0.999999804995613
31,45,0.9999998129964763
31,46,0.9999998402619694
31,47,0.9999998124244659
31,48,0.9999998638387069
31,49,0.9999998125856658
31,50,0.9999998353753161
32,1,0.9996388430176871
32,2,0.9996649004142054
32,3,0.9996727342210044
32,4,0.9996642608035222
32,5,0.9996348863358253
32,6,0.9996453188693213
32,7,0.999618107444739
32,8,0.9996229921322032
32,9,0.9996712582091029
32,10,0.9996766735600955
32,11,0.9996725743962265
32,12,0.999632813620114
32,13,0.9996308664232232
32,14,0.9996632387672685
32,15,0.9997003140717149
32,16,0.9996445088216389
32,17,0.9996356871050807
32,18,0.9996899507062942
32,19,0.9996818026468901
32,20,0.9996565515994495
32,21,0.9996435743941731
32,22,0.9996768168092135
32,23,0.9996458471248401
32,24,0.999665907294622
32,25,0.9996895128144073
32,26,0.9996623708261854
32,27,0.9996726214509616
32,28,0.9996316117496352
32,29,0.9996648139602045
32,30,0.9996618092903343
32,31,0.9996627099438306
32,32,0.9996465738709713
32,33,0.9996442568824959
32,34,0.999654154399489
32,35,0.9996500708068974
32,36,0.9996486665370197
32,37,0.9996141437071534
32,38,0.999608154666446
32,39,0.9996777590344056
32,40,0.9996965105202431
32,41,0.9996949969674457
32,42,0.9997093857682762
32,43,0.9996697257639062
32,44,0.9996491722747224
32,45,0.9996861823924412
32,46,0.9996598214601672
32,47,0.9996824160146376
32,48,0.9996210255505488
32,49,0.9996554997722363
32,50,0.999661018281088
33,1,0.9674192654439271
33,2,0.966195308990335
33,3,0.9758496885485056
33,4,0.9602694623367252
33,5,0.970494547035833
33,6,0.97187801847633
33,7,0.9753110387744899
33,8,0.9702719676467528
33,9,0.9693738797644995
33,10,0.9703167372958562
33,11,0.9731468935003588
33,12,0.9673561853623632
33,13,0.9672897259636645
33,14,0.9689427839312875
33,15,0.9705464655247938
33,16,0.9669505265706686
33,17,0.9658762774499683
33,18,0.9681994265303479
33,19,0.974974768291877
33,20,0.9636404031790303
33,21,0.9735707522079191
33,22,0.9694092255448452
33,23,0.966949883566596
33,24,0.9714270900276236
33,25,0.9718288642683747
33,26,0.9662698534414704
33,27,0.972480505919975
33,28,0.9694386479279885
33,29,0.9717898801230408
33,30,0.9615375737629595
33,31,0.9696116145284248
33,32,0.9661172537906669
33,33,0.9705693696567689
33,34,0.9691081472838297
33,35,0.9727942695439329
33,36,0.967645941120258
33,37,0.969708529741156
33,38,0.9687184950926817
33,39,0.9728362159707373
33,40,0.968165673092255
33,41,0.9689383727157371
33,42,0.9711891747375583
33,43,0.969937396481108
33,44,0.9679133372085997
33,45,0.9691181208705608
33,46,0.9666683783891163
33,47,0.9734260847773016
33,48,0.9652518489929036
33,49,0.9733050141814903
33,50,0.9718135126320601
34,1,0.9999983921935292
34,2,0.9999983591081032
34,3,0.9999984306407316
34,4,0.9999984767399426
34,5,0.9999983274194191
34,6,0.9999984675719725
34,7,0.9999984489355447
34,8,0.9999984203292906
34,9,0.9999985065899952
34,10,0.9999982256673654
34,11,0.9999982852661983
34,12,0.9999985113004181
34,13,0.9999983892060315
34,14,0.999998512106877
34,15,0.999998503698673
34,16,0.9999984552591349
34,17,0.999998336944549
34,18,0.9999983354319225
34,19,0.9999984077872414
34,20,0.9999983776265624
34,21,0.9999983816618343
34,22,0.999998184714164
34,23,0.9999983001838891
34,24,0.9999982489101673
34,25,0.9999983496929497
34,26,0.9999982901810011
34,27,0.9999983208021616
34,28,0.9999982502135027
34,29,0.9999984043077965
34,30,0.9999984361437264
34,31,0.9999980967372536
34,32,0.9999984166716639
34,33,0.9999984175178441
34,34,0.999998110615063
34,35,0.9999982977542358
34,36,0.9999985008303164
34,37,0.9999984744635907
34,38,0.999998381113475
34,39,0.9999983590356311
34,40,0.9999983234659113
34,41,0.9999983515323433
34,42,0.999998581922814
34,43,0.9999983450081024
34,44,0.9999982947208886
34,45,0.9999983607498805
34,46,0.9999983763635567
34,47,0.9999984046667858
34,48,0.9999980589396948
34,49,0.9999985680133483
34,50,0.9999981325897539
35,1,0.8521313369702553
35,2,0.8403736655228495
35,3,0.8417047799688823
35,4,0.8518517526857865
35,5,0.8281980881515832
35,6,0.8588285042720448
35,7,0.8374594086556233
35,8,0.834358878142987
35,9,0.8388966401121237
35,10,0.8469094584844166
35,11,0.8659688558070683
35,12,0.8432057298705278
35,13,0.8583542009111178
35,14,0.8549593166882633
35,15,0.8383815010085862
35,16,0.8580347430545994
35,17,0.8487480626783039
35,18,0.8237538243095431
35,19,0.8543198577074343
35,20,0.8267139473173832
35,21,0.8443600520278615
35,22,0.8286116100857369
35,23,0.8585777770157761
35,24,0.8440027789579321
35,25,0.8479644889925511
35,26,0.8536188984710714
35,27,0.8570035872529504
35,28,0.8154060622541396
35,29,0.8585360767709238
35,30,0.8398551847768896
35,31,0.8453718887152124
35,32,0.863590449615655
35,33,0.855846483505465
35,34,0.8481841122348807
35,35,0.8384242637198619
35,36,0.8586708313148256
35,37,0.8517641150796725
35,38,0.8412084189355947
35,39,0.8572799052718246
35,40,0.8151485959685865
35,41,0.807993527980702
35,42,0.853948763705899
35,43,0.8522821941460534
35,44,0.8223412948963122
35,45,0.8298015401015985
35,46,0.8293897129176231
35,47,0.8583536645877673
35,48,0.827372824772981
35,49,0.827381823699292
35,50,0.8565879006462891
36,1,NaN
36,2,NaN
36,3,NaN
36,4,NaN
36,5,NaN
36,6,NaN
36,7,NaN
36,8,NaN
36,9,NaN
36,10,NaN
36,11,NaN
36,12,NaN
36,13,NaN
36,14,NaN
36,15,NaN
36,16,NaN
36,17,NaN
36,18,NaN
36,19,NaN
36,20,NaN
36,21,NaN
36,22,NaN
36,23,NaN
36,24,NaN
36,25,NaN
36,26,NaN
36,27,NaN
36,28,NaN
36,29,NaN
36,30,NaN
36,31,NaN
36,32,NaN
36,33,NaN
36,34,NaN
36,35,NaN
36,36,NaN
36,37,NaN
36,38,NaN
36,39,NaN
36,40,NaN
36,41,NaN
36,42,NaN
36,43,NaN
36,44,NaN
36,45,NaN
36,46,NaN
36,47,NaN
36,48,NaN
36,49,NaN
36,50,NaN
37,1,0.999993740051104
37,2,0.9999936320590457
37,3,0.9999918961876548
37,4,0.9999924488807678
37,5,0.9999945571405596
37,6,0.9999925622818365
37,7,0.9999934112154875
37,8,0.9999934493570871
37,9,0.9999911860824582
37,10,0.9999926437320832
37,11,0.9999914797518817
37,12,0.9999927920790028
37,13,0.9999941851558483
37,14,0.9999913021108149
37,15,0.999992767219425
37,16,0.9999928934766735
37,17,0.9999925141272141
37,18,0.9999918688023749
37,19,0.9999884166324176
37,20,0.9999894753806029
37,21,0.9999921503770752
37,22,0.9999931381553572
37,23,0.9999907111780901
37,24,0.9999934407898855
37,25,0.9999924356941587
37,26,0.9999921689435238
37,27,0.999993452385167
37,28,0.9999944047554595
37,29,0.9999935972598464
37,30,0.9999938183795243
37,31,0.9999942235672865
37,32,0.9999927123588578
37,33,0.9999935797935193
37,34,0.9999930378819119
37,35,0.9999943653578833
37,36,0.9999918931946763
37,37,0.9999947493979104
37,38,0.9999942485015975
37,39,0.9999921850291684
37,40,0.9999931600426963
37,41,0.9999924780994505
37,42,0.9999944818855309
37,43,0.9999937059926391
37,44,0.9999935286348816
37,45,0.9999939020497987
37,46,0.9999920735416061
37,47,0.9999934550333808
37,48,0.9999918400837224
37,49,0.9999900651818041
37,50,0.9999934331213179
38,1,0.9998863931564373
38,2,0.9998583376568714
38,3,0.9998675968241395
38,4,0.999871760995954
38,5,0.9998761354175664
38,6,0.9998870297622009
38,7,0.9998869658017466
38,8,0.9998972728012073
38,9,0.999876782194619
38,10,0.9998606720034581
38,11,0.9998949770657545
38,12,0.9999063231691789
38,13,0.9999007971009891
38,14,0.9998856350840452
38,15,0.9998798976209474
38,16,0.9998761549798901
38,17,0.9998984790460816
38,18,0.9998748996508671
38,19,0.999867772224974
38,20,0.9998628248529018
38,21,0.9998685950214362
38,22,0.999882996954855
38,23,0.9998820022768296
38,24,0.9998916736070514
38,25,0.9998660012695602
38,26,0.9998595194909982
38,27,0.999860932264955
38,28,0.9998890245216626
38,29,0.9998803344677317
38,30,0.9998798432166383
38,31,0.9998947650224536
38,32,0.9998874799351718
38,33,0.9999002858188292
38,34,0.999878241695433
38,35,0.9998921739612884
38,36,0.9998830415592741
38,37,0.9998751390235276
38,38,0.9998992299806274
38,39,0.9999070079629017
38,40,0.9998795925136102
38,41,0.9998796675053537
38,42,0.9998824390162526
38,43,0.999876386949167
38,44,0.9998728153725196
38,45,0.9998705309180322
38,46,0.9998996853560772
38,47,0.9998745277368624
38,48,0.9998747385035219
38,49,0.9998777050043502
38,50,0.9998938576319716
39,1,0.9626701992462896
39,2,0.9477257438092563
39,3,0.9546122606603048
39,4,0.9212323701577596
39,5,0.9453412255878033
39,6,0.9357331236769673
39,7,0.9538280983613294
39,8,0.9570074944803778
39,9,0.9481957866661553
39,10,0.9280329166941086
39,11,0.9726155830390811
39,12,0.9516074556938
39,13,0.9395065778312025
39,14,0.9550372551601725
39,15,0.9444204395920439
39,16,0.9554073663797282
39,17,0.9622862030277318
39,18,0.9662210677153515
39,19,0.9551649404986357
39,20,0.9437616225236729
39,21,0.9440199330316669
39,22,0.9493794779946273
39,23,0.9530399877249818
39,24,0.9438281628742866
39,25,0.9607640232746709
39,26,0.9378158897602058
39,27,0.9464025519018305
39,28,0.9526760486622549
39,29,0.9510838554458696
39,30,0.9455408171034938
39,31,0.9602574807471488
39,32,0.9663379413965533
39,33,0.9505502424046746
39,34,0.9575547779273348
39,35,0.9704468982317928
39,36,0.9506809739933066
39,37,0.9199566654859612
39,38,0.9576533773439514
39,39,0.950504568522463
39,40,0.9563408437755095
39,41,0.9428797706020581
39,42,0.96315255745545
39,43,0.9425364142177881
39,44,0.9483413717867467
39,45,0.968198585593505
39,46,0.9451726265477111
39,47,0.9388253018319784
39,48,0.9386624685113183
39,49,0.9557918062920935
39,50,0.9424920602802485
40,1,0.9999969302659429
40,2,0.9999969031354943
40,3,0.9999966029443157
40,4,0.9999965891272893
40,5,0.9999967140690488
40,6,0.999996180956278
40,7,0.9999966052167033
40,8,0.9999961053066979
40,9,0.9999969983043399
40,10,0.9999966279220829
40,11,0.9999969965102637
40,12,0.9999962719260889
40,13,0.9999962832147755
40,14,0.9999970578885033
40,15,0.9999968352920175
40,16,0.999996763109825
40,17,0.9999965481270987
40,18,0.9999964563839631
40,19,0.9999963983861881
40,20,0.9999957865027344
40,21,0.9999966458379886
40,22,0.9999967363128411
40,23,0.9999965443761567
40,24,0.9999971603528472
40,25,0.9999957793958734
40,26,0.999996288585327
40,27,0.9999967242785439
40,28,0.9999964198011467
40,29,0.9999960362670115
40,30,0.9999963584489626
40,31,0.9999966392856862
40,32,0.9999964598150809
40,33,0.9999966001658377
40,34,0.999996388767352
40,35,0.9999964045157692
40,36,0.9999968393800824
40,37,0.9999962601804552
40,38,0.9999960161099571
40,39,0.999996009437353
40,40,0.9999963075267664
40,41,0.9999964462676033
40,42,0.9999962230413083
40,43,0.9999965127475615
40,44,0.9999970626498038
40,45,0.99999678737624
40,46,0.9999962841118426
40,47,0.9999970052050368
40,48,0.9999972455337357
40,49,0.9999959029703445
40,50,0.9999956411005697
41,1,0.9974528410875183
41,2,0.9978391833024899
41,3,0.9976305118709458
41,4,0.99786363800382
41,5,0.9983571320445469
41,6,0.9975439180458918
41,7,0.9977912311424231
41,8,0.9980920605406859
41,9,0.9976897688452294
41,10,0.9978053269890486
41,11,0.9978929860741489
41,12,0.998240279286777
41,13,0.9981330371489161
41,14,0.997881651663371
41,15,0.9979939827815869
41,16,0.9980789855933777
41,17,0.9978835689085442
41,18,0.9983240113371156
41,19,0.9975806649852893
41,20,0.9979125279551818
41,21,0.9976965720177873
41,22,0.9980381818311006
41,23,0.9974778679424904
41,24,0.9983189689396315
41,25,0.9977294467668207
41,26,0.9975284613128227
41,27,0.9978941632156446
41,28,0.9974945142651551
41,29,0.9981766064173159
41,30,0.9974975386353901
41,31,0.9978278365792124
41,32,0.9975784065832919
41,33,0.998022692207691
41,34,0.9978107197168734
41,35,0.9977547111985782
41,36,0.9974328028859811
41,37,0.9976488305540329
41,38,0.9978385409623308
41,39,0.9979624210958884
41,40,0.9978020626547781
41,41,0.997983351919906
41,42,0.9972655912136564
41,43,0.9982588297031584
41,44,0.9979610351178465
41,45,0.9977301853050283
41,46,0.9977169782359668
41,47,0.9977199570546942
41,48,0.9976468160146613
41,49,0.9979105167686055
41,50,0.9979091062195546
42,1,0.9855038796219516
42,2,0.9878429421526764
42,3,0.9874424280213954
42,4,0.9895509607605527
42,5,0.9884919285165955
42,6,0.9855711170470174
42,7,0.9857920533780802
42,8,0.9865377611347254
42,9,0.9885499018554539
42,10,0.9867876273351969
42,11,0.9878323961932257
42,12,0.9863693312188092
42,13,0.9866911071239215
42,14,0.9862081343041953
42,15,0.988428206876731
42,16,0.989183467306097
42,17,0.9847236973526944
42,18,0.983038469036821
42,19,0.9871236101876192
42,20,0.9884837745397869
42,21,0.988439295035468
42,22,0.985546185240293
42,23,0.9856639624974068
42,24,0.9902279136486298
42,25,0.9852474406706839
42,26,0.987432874236521
42,27,0.9817086617631012
42,28,0.9865858406666967
42,29,0.985638327969076
42,30,0.9845785933899391
42,31,0.9869520146988862
42,32,0.988609488655112
42,33,0.9840315174545579
42,34,0.9848553405306267
42,35,0.9843933392644548
42,36,0.9861582045940255
42,37,0.9905232005235997
42,38,0.9847876262840991
42,39,0.9865319696006283
42,40,0.9800968808249516
42,41,0.9871588845346677
42,42,0.9885370813669525
42,43,0.9850368563158909
42,44,0.9823621866654975
42,45,0.9859370453477969
42,46,0.9821209618218495
42,47,0.984594686645979
42,48,0.9843788507535194
42,49,0.981091325690186
42,50,0.9844440431475676
43,1,0.9999981538980536
43,2,0.9999982623104818
43,3,0.9999981530592411
43,4,0.9999982618981188
43,5,0.9999980861317568
43,6,0.9999980872305024
43,7,0.9999979557054696
43,8,0.9999981552702836
43,9,0.9999982254706586
43,10,0.9999979999101645
43,11,0.9999981617717346
43,12,0.9999979399861599
43,13,0.9999982105748902
43,14,0.9999978782632742
43,15,0.999998117502514
43,16,0.999997923443144
43,17,0.9999981477920723
43,18,0.99999818618099
43,19,0.9999982307882785
43,20,0.9999980107366132
43,21,0.9999980601532777
43,22,0.9999980657418638
43,23,0.999998225761592
43,24,0.9999980817700761
43,25,0.99999809692619
43,26,0.9999979174519701
43,27,0.9999979881785578
43,28,0.9999982990162287
43,29,0.9999981161440308
43,30,0.9999979681787442
43,31,0.9999981836602679
43,32,0.9999980067501493
43,33,0.9999980135418362
43,34,0.9999981206365587
43,35,0.9999981193943052
43,36,0.9999978693622639
43,37,0.9999978517775421
43,38,0.9999980961022339
43,39,0.9999980608695309
43,40,0.9999981868907122
43,41,0.9999981316127574
43,42,0.9999981004708688
43,43,0.9999978758795093
43,44,0.9999981844441602
43,45,0.9999980055951454
43,46,0.9999980361034586
43,47,0.9999980887056781
43,48,0.9999978456386472
43,49,0.9999982707496546
43,50,0.999998135673058
44,1,NaN
44,2,NaN
44,3,NaN
44,4,NaN
44,5,NaN
44,6,NaN
44,7,NaN
44,8,NaN
44,9,NaN
44,10,NaN
44,11,NaN
44,12,NaN
44,13,NaN
44,14,NaN
44,15,NaN
44,16,NaN
44,17,NaN
44,18,NaN
44,19,NaN
44,20,NaN
44,21,NaN
44,22,NaN
44,23,NaN
44,24,NaN
44,25,NaN
44,26,NaN
44,27,NaN
44,28,NaN
44,29,NaN
44,30,NaN
44,31,NaN
44,32,NaN
44,33,NaN
44,34,NaN
44,35,NaN
44,36,NaN
44,37,NaN
44,38,NaN
44,39,NaN
44,40,NaN
44,41,NaN
44,42,NaN
44,43,NaN
44,44,NaN
44,45,NaN
44,46,NaN
44,47,NaN
44,48,NaN
44,49,NaN
44,50,NaN
45,1,0.9894129957917208
45,2,0.9910234932961893
45,3,0.9885785640200083
45,4,0.9877619423398911
45,5,0.9891473246335094
45,6,0.9920167571008206
45,7,0.989417968924632
45,8,0.989540753144018
45,9,0.9881610791700352
45,10,0.9862759898997192
45,11,0.9874398826524496
45,12,0.9890447425326433
45,13,0.9887325687997703
45,14,0.9881280377062803
45,15,0.9861501247507458
45,16,0.9888826727728661
45,17,0.9893280723526401
45,18,0.9879926491058324
45,19,0.989160986810619
45,20,0.9899000957716607
45,21,0.9870778712498467
45,22,0.9875303459891298
45,23,0.9900676768374637
45,24,0.9858757558147728
45,25,0.986678768696799
45,26,0.9891423208563339
45,27,0.9897487703152774
45,28,0.9873998481068186
45,29,0.9898776369620205
45,30,0.9870216438341146
45,31,0.9896141173240323
45,32,0.987196733048006
45,33,0.9888050875413928
45,34,0.9862640215010694
45,35,0.9886742354770581
45,36,0.9875797791146804
45,37,0.9893972152063483
45,38,0.9875709973707649
45,39,0.9872833512483972
45,40,0.9877614376111693
45,41,0.9858362370706505
45,42,0.9871030126948579
45,43,0.9901490386162511
45,44,0.9902899593194034
45,45,0.9871647758450198
45,46,0.9866333295632161
45,47,0.9846920382540809
45,48,0.9892908538041001
45,49,0.9868626745158733
45,50,0.9893288706238609
46,1,0.9999465795631415
46,2,0.999931986765035
46,3,0.9999405282063142
46,4,0.9999458710077246
46,5,0.9999300030903374
46,6,0.9999382346207217
46,7,0.9999396945211587
46,8,0.9999389089008964
46,9,0.9999253063143672
46,10,0.9999379881643214
46,11,0.9999297627987157
46,12,0.9999420543246579
46,13,0.9999365719987509
46,14,0.999950963131491
46,15,0.9999486192671001
46,16,0.9999373466978441
46,17,0.9999445748482312
46,18,0.9999370264851368
46,19,0.9999429864644808
46,20,0.9999398922963866
46,21,0.9999299310078781
46,22,0.9999417413552626
46,23,0.9999404341012524
46,24,0.9999454460646986
46,25,0.9999279801890647
46,26,0.9999466959875163
46,27,0.9999383218352216
46,28,0.999947009345581
46,29,0.9999394982198031
46,30,0.999920402386177
46,31,0.9999393587937063
46,32,0.9999325114442039
46,33,0.9999494786015085
46,34,0.9999494706522883
46,35,0.999938360551309
46,36,0.9999391628482517
46,37,0.9999367678797639
46,38,0.9999378275652588
46,39,0.9999466969968825
46,40,0.9999531528683698
46,41,0.9999442237427139
46,42,0.999948639416407
46,43,0.999944574603313
46,44,0.9999378066054263
46,45,0.9999373681921714
46,46,0.9999317702555073
46,47,0.999933178295249
46,48,0.9999380783795867
46,49,0.9999540622928085
46,50,0.9999415487961894
47,1,0.997898739057613
47,2,0.998293893504868
47,3,0.998383434047158
47,4,0.9984365641009515
47,5,0.9981879269128278
47,6,0.9982489969636649
47,7,0.9980331981498827
47,8,0.9979018847927245
47,9,0.997928714107437
47,10,0.9982459898814798
47,11,0.998507235154894
47,12,0.9981321533899432
47,13,0.9980032139077976
47,14,0.9982627276868997
47,15,0.9981980488562019
47,16,0.9980510305410015
47,17,0.9978168894295005
47,18,0.9982843145471494
47,19,0.9982642099731486
47,20,0.9981434964926651
47,21,0.9981887958702416
47,22,0.9983108303396429
47,23,0.9981357407977817
47,24,0.9982775155046535
47,25,0.9978975621861121
47,26,0.9983394496209557
47,27,0.9982714635355654
47,28,0.998503769709444
47,29,0.9980923680084576
47,30,0.998132711819542
47,31,0.9984400969739647
47,32,0.9982043079124079
47,33,0.9982154794682595
47,34,0.9981339349420814
47,35,0.998407914503431
47,36,0.998130368497606
47,37,0.9983985163346625
47,38,0.9982244530890625
47,39,0.9983664506971269
47,40,0.9981329324805744
47,41,0.9972732476206785
47,42,0.998039584922426
47,43,0.9983125578379444
47,44,0.998472756290877
47,45,0.9982930254943222
47,46,0.9982812428752399
47,47,0.9983549831834012
47,48,0.9982564352644098
47,49,0.9979210772364918
47,50,0.9980028403937625
48,1,0.9996759123628172
48,2,0.9996214551325142
48,3,0.9996399860540133
48,4,0.9996057886208994
48,5,0.9996539675066495
48,6,0.9996988464350778
48,7,0.999635273862847
48,8,0.9996754719917647
48,9,0.9996444305429255
48,10,0.9996764035825011
48,11,0.9995938089740889
48,12,0.9996624262799904
48,13,0.9996324086443737
48,14,0.9996776263799394
48,15,0.999539189548043
48,16,0.9996369724505414
48,17,0.9996560666634848
48,18,0.9996430991487467
48,19,0.9996356347960977
48,20,0.9996312971670291
48,21,0.9996518045383566
48,22,0.9996078959711334
48,23,0.9996575157890044
48,24,0.9996251213893766
48,25,0.9996299787366805
48,26,0.9996617404897348
48,27,0.9996863846874275
48,28,0.9996301195314178
48,29,0.9996618243536018
48,30,0.9996692873301967
48,31,0.9996838644656015
48,32,0.9996139247642034
48,33,0.9996042199155035
48,34,0.9996052884552862
48,35,0.9996634230405237
48,36,0.9996597641490786
48,37,0.9995981292506013
48,38,0.9996550284689698
48,39,0.9996617243618784
48,40,0.9995928767888573
48,41,0.9996457717616879
48,42,0.9996440606662461
48,43,0.999638402506944
48,44,0.9996692584297002
48,45,0.9996949787025591
48,46,0.999626398184137
48,47,0.9996397999045974
48,48,0.9996042264528222
48,49,0.9995906371946375
48,50,0.9996229067382656
49,1,0.9999946933982404
49,2,0.9999949990087891
49,3,0.9999938880761059
49,4,0.9999915966606516
49,5,0.9999947693759718
49,6,0.9999941351254776
49,7,0.999994167979626
49,8,0.9999947824509886
49,9,0.9999932799552009
49,10,0.9999927918877088
49,11,0.9999940164607236
49,12,0.9999944609011007
49,13,0.9999949525670738
49,14,0.9999918772539321
49,15,0.9999948352101655
49,16,0.999991479394698
49,17,0.9999944717004514
49,18,0.9999949422059351
49,19,0.9999933827303445
49,20,0.9999946809296313
49,21,0.9999941107370627
49,22,0.9999937997677548
49,23,0.9999957991535195
49,24,0.9999949183061503
49,25,0.9999950122589052
49,26,0.9999954604474841
49,27,0.9999937393706252
49,28,0.9999956290506126
49,29,0.9999932815395542
49,30,0.9999955675823273
49,31,0.9999951831877698
49,32,0.9999942410595275
49,33,0.9999959206323001
49,34,0.9999951509645838
49,35,0.9999945244011054
49,36,0.9999944000098758
49,37,0.9999946922007346
49,38,0.9999930203878235
49,39,0.9999936758266256
49,40,0.9999935652807466
49,41,0.9999955546903688
49,42,0.9999947321648471
49,43,0.9999954164451312
49,44,0.999994006923886
49,45,0.9999950782505119
49,46,0.999992529122441
49,47,0.9999951179523376
49,48,0.999994507294467
49,49,0.9999938911601438
49,50,0.999995115913868
50,1,0.9998280146014448
50,2,0.999860148698582
50,3,0.9998433102460456
50,4,0.9998524320233649
50,5,0.9998579044775199
50,6,0.9998828082737762
50,7,0.9998595315489672
50,8,0.9998510420232198
50,9,0.9998473787649464
50,10,0.9998689007731631
50,11,0.9998507331866376
50,12,0.9998944721905662
50,13,0.9998621770544667
50,14,0.9998477688383675
50,15,0.9998568613309129
50,16,0.9998370252408745
50,17,0.9998538277169452
50,18,0.9998585699307162
50,19,0.9998725416002463
50,20,0.9998722406365533
50,21,0.999875550527782
50,22,0.9998364797955364
50,23,0.9998575935710428
50,24,0.9998273747144978
50,25,0.9998691237318952
50,26,0.9998730308357315
50,27,0.9998443781385996
50,28,0.9998561646794308
50,29,0.9998676140714126
50,30,0.9998660181910581
50,31,0.9998793011570704
50,32,0.9998374613234327
50,33,0.9998484497031765
50,34,0.9998445386397005
50,35,0.9998460262233434
50,36,0.9998599551111799
50,37,0.9998650834808399
50,38,0.9998528511657568
50,39,0.9998663958411249
50,40,0.9998614554128125
50,41,0.999864107185144
50,42,0.9998823534340333
50,43,0.9998740142047241
50,44,0.999845701057009
50,45,0.9998583943757592
50,46,0.9998589678979455
50,47,0.9998590248969422
50,48,0.9998926355683726
50,49,0.9998231858032864
50,50,0.999850256625173
